{
  "prompt_v1_scores": {
    "faithfulness": 0.7504920634920634,
    "answer_relevancy": 0.5134360485846651,
    "context_recall": 0.54,
    "context_precision": 0.58
  },
  "prompt_v2_scores": {
    "faithfulness": 0.6349787157287157,
    "answer_relevancy": 0.682231265532139,
    "context_recall": 0.54,
    "context_precision": 0.58
  },
  "target_met": false
}